"Star_idx";"star";"Distance From The Sun";"EQUIVALENT TEMPERATURE";"star mass";"Relative Radius";"Relative Luminosity";"STAR TYPE"
3078;"Drachenfeld";1187,328;2536;0,3;0,66;0,06;"M3V"
294;"Bella";263,04;NA;NA;0,16;0,03;"M2V"
184;"Artru";498,275;2536;0,4;0,59;0,02;"M2V"
3000;"Lübeck";1078,732;2585;0,1;0,17;0,05;"M6V"
2848;"Zuhbehr";353,953;3030;0,1;0,49;0,05;"M2V"
346;"Blue Hole";395,479;2877;0,4;0,46;0,02;"M4V"
1780;"Muswell";291,781;2683;0,4;0,31;0,04;"M4V"
1887;"Noisiel";342,071;2796;0,4;0,18;0,05;"M1V"
2753;"Wheel";266,662;2679;0,2;0,2;0,04;"M1V"
2245;"Sartu";453,73;4149;0,5;0,88;0,53;"K5V"
728;"Domain";250,282;5236;0,8;1,11;0,99;"G4V"
160;"Aquagea";406,98;3986;0,8;0,88;0,18;"K7V"
1698;"Midale";408,778;3449;0,3;0,11;0,05;"M0V"
671;"De Berry";451,018;2537;0,1;0,65;0,02;"M0V"
1793;"Nakaojo";340,653;2624;0,2;0,1;0,05;"M3V"
1543;"Lyceum";435,249;2877;0,3;0,46;0,03;"M3V"
2814;"Zanbasa";557,47;3795;0,8;0,93;0,43;"K2V"
1821;"New Capetown";362,678;2503;0,4;0,54;0,08;"M3V"
2642;"Vaj";205,369;3882;0,6;0,9;0,53;"K7V"
2448;"Sverdlovsk";387,78;2722;0,4;0,69;0,03;"M6V"
550;"Chorley";504,98;4330;NA;0,87;0,39;"K5V"
2871;"Marius's Tears";589,468;4612;0,6;0,95;0,23;"K3V"
2593;"Tsarahavana";464,419;2889;0,4;0,17;0,03;"M5V"
1873;"Ningxia";444,213;3213;0,4;0,28;0,07;"M1V"
885;"Florarda";258,921;5737;0,9;1,11;0,82;"G2V"
2415;"Stockpoll";251,813;2774;0,1;0,55;0,07;"M2V"
2532;"Thibodaux";576,214;3899;0,7;0,75;0,13;"K5V"
1979;"Panpour";450,36;2610;0,3;0,41;0,05;"M4V"
778;"Eion";377,699;3261;0,1;0,14;0,07;"M3V"
2018;"Petrolia";316,046;3899;0,7;0,78;0,37;"K3V"
3083;"Rest Stop";865,853;2446;0,2;0,4;0,03;"M3V"
900;"Fredotto";587,427;2966;0,4;0,61;0,07;"M2V"
1037;"Halfway";266,805;3913;0,7;0,72;0,1;"K7V"
295;"Belladonna";290,927;2412;0,4;0,55;0,05;"M3V"
1921;"Odell";268,784;2973;0,4;0,68;0,05;"M5V"
2794;"Yàn-huì";279,245;2457;0,1;0,66;0,04;"M4V"
1303;"Katinka";476,011;2520;0,4;0,59;0,07;"M8V"
834;"Everett";175,414;3815;0,7;0,79;0,52;"K2V"
2934;"Radulov";1604,186;3228;0,3;0,25;0,02;"M1V"
1437;"La Ligua";786,129;4578;0,7;0,87;0,47;"K3V"
2938;"Brim";1768,735;3813;0,6;0,73;0,2;"K6V"
722;"Dirk's Gulf";271,335;2687;0,2;0,17;0,08;"M3V"
981;"Gorgon";609,188;4214;0,7;0,88;0,31;"K5V"
146;"Antares";322,867;2991;0,3;0,11;0,02;"M4V"
284;"Bedeque";146,644;4475;0,6;0,91;0,44;"K2V"
1569;"Malacca";516,353;2495;0,4;0,36;0,06;"M2V"
275;"Battaraigi";532,323;2830;0,4;0,19;0,04;"M3V"
3039;"Transfer Station P9";1044,059;3118;0,2;0,64;0,03;"M2V"
2830;"Zefri";545,24;3122;0,2;0,26;0,06;"M1V"
299;"Benedict";473,428;3312;0,2;0,42;0,05;"M2V"
2351;"Skepptana";563,286;2523;0,3;0,38;0,06;"M4V"
2384;"Spencer";489,507;3883;0,5;0,88;0,16;"K6V"
2741;"Weitinger";365,975;3750;0,6;0,79;0,09;"K7V"
3091;"Star Cluster 65";998,686;2931;0,1;0,68;0,08;"M2V"
2797;"Yed Prior";138,676;5427;1;1,09;1,05;"G5V"
165;"Arcadia";186,516;3321;0,2;0,29;0,05;"M1V"
2511;"Telos";59,605;2919;0,3;0,66;0,05;"M4V"
2982;"Antwerp";1098,107;3259;0,3;0,45;0,07;"M3V"
416;"Buena";402,015;4737;0,7;0,93;0,53;"K2V"
1423;"Kupang";563,943;4150;0,8;0,76;0,52;"K6V"
2002;"Peabody";331,443;2733;0,2;0,35;0,04;"M4V"
2767;"Wittington";437,116;4149;0,5;0,73;0,55;"K2V"
1757;"Morges";316,541;2471;0,4;0,6;0,08;"M6V"
858;"Fellanin";136,093;3984;0,5;0,78;0,28;"K7V"
2892;"Colchis";676,871;2929;0,2;0,69;0,07;"M3V"
1625;"Matheran";182,637;2673;0,4;0,23;0,08;"M3V"
2922;"Siendou";313,183;2523;0,2;0,47;0,05;"M3V"
1629;"Mauckport";430,337;2549;0,4;0,09;0,05;"M5V"
3053;"Interstellar Expeditions Base #14";1535,02;2501;0,2;0,49;0,06;"M8V"
1374;"Klathan";178,057;2752;0,2;0,68;0,07;"M5V"
2779;"Wrociaw";320,163;5759;1;1,05;1,34;"G2V"
2146;"Revel";463,268;3381;0,4;0,32;0,05;"M2V"
883;"Fletcher's Feast";712,005;3585;0,1;0,14;0,01;"M0V"
3160;"Fairuza";507,043;2953;0,2;0,19;0,07;"M5V"
1088;"Hellos Minor";259,14;3250;0,1;0,31;0,02;"M2V"
72;"Alhena";83,739;2470;0,3;0,46;0,07;"M5V"
643;"Cyrton";500,424;2569;0,3;0,22;0,02;"M2V"
1966;"Oyevaina";266,727;2898;0,4;0,45;0,05;"M3V"
3110;"Farhome";802,398;3123;0,2;0,48;0,08;"M3V"
450;"Cambiano";426,772;2579;0,3;0,57;0,08;"M4V"
700;"Devil's Rock";39,295;2908;0,3;0,66;0,03;"M3V"
2976;"Galicia";1322,66;3241;0,3;0,44;0,08;"M2V"
1756;"Morgan's Holdfast";699,702;5506;0,8;1,05;1,16;"G4V"
1726;"Mithron";427,278;5535;0,8;1,1;1,43;"G4V"
393;"Bringdam";421,5;4687;0,6;0,85;0,11;"K2V"
2053;"Port Moseby";160,257;2796;0,2;0,23;0,04;"M5V"
3129;"Ålborg";744,608;4743;NA;0,77;0,26;"K2V"
82;"Almach";118,119;2485;0,2;0,42;0,04;"M2V"
2299;"Shawnee";556,766;3794;0,6;0,87;0,48;"K7V"
1672;"Mendham";375,221;3701;0,5;0,94;0,09;"K6V"
1289;"Kandis";322,107;2538;0,2;NA;0,06;"M7V"
669;"Dayr Khuna";227,065;2496;0,4;0,4;0,02;"M5V"
2145;"Restitution";401,265;2632;0,3;0,46;0,02;"M3V"
2289;"Shahr Kord";431,611;3250;0,1;0,39;0,03;"M2V"
2205;"Safe Port";316,904;5595;0,8;1,07;0,97;"G4V"
2596;"Tsitsang";120,366;2699;0,2;0,41;0,07;"M2V"
126;"Ancha";83,676;2658;0,2;0,3;0,01;"M0V"
924;"Gallis";418,188;2423;0,2;0,1;0,07;"M7V"
2575;"Trasjkis";474,851;5598;0,8;0,96;1,1;"G2V"
564;"Claybrooke";372,788;2734;0,1;0,22;0,05;"M2V"
2172;"Romulus";389,876;4272;0,5;0,87;0,08;"K5V"
169;"Ares";198,423;2779;0,2;0,3;0,01;"M3V"
368;"Bordon";71,374;3190;0,2;0,31;0,01;"M2V"
1787;"Nahoni";316,006;2976;0,4;0,17;0,05;"M5V"
7;"Abejorral";325,319;2515;NA;0,16;0,06;"M2V"
1232;"Janina";479,25;3305;0,4;0,17;0,07;"M1V"
1116;"Hirtshals";605,101;3969;0,6;0,76;0,2;"K5V"
2730;"Waypoint";522,306;2533;0,3;0,38;0,07;"M8V"
2144;"Repulse";397,433;3072;0,3;0,56;0,03;"M4V"
679;"Delacruz";389,291;NA;0,4;0,36;0,03;"M6V"
329;"Biota";275,291;2519;0,2;0,53;0,03;"M3V"
1405;"Koulen";436,717;2850;0,3;0,37;0,03;"M5V"
246;"Ballynure";259,651;2907;0,2;0,13;0,01;"M4V"
501;"Ceiba";767,962;2620;0,3;0,11;0,08;"M4V"
2804;"Ype-Jhu";688,329;4563;0,5;0,9;0,12;"K2V"
423;"Butzfleth";389,109;4020;0,5;0,96;0,5;"K7V"
1160;"Hyades Cluster";433,995;2770;NA;0,22;0,05;"M5V"
386;"Breed";199,413;NA;0,3;0,55;0,04;"M1V"
1859;"New Wessex";114,107;2572;0,3;0,69;0,04;"M4V"
2974;"Castile";1288,895;3229;0,1;0,57;0,03;"M2V"
2195;"Rypful";625,123;2753;0,4;NA;0,03;"M2V"
1213;"Isesaki";338,17;3078;0,3;0,07;0,08;"M3V"
2423;"Sturganos";373,577;3469;0,2;0,56;0,08;"M1V"
1182;"Illyria";473,967;3150;0,1;0,63;0,04;"M2V"
1761;"Morrigan";340,803;2482;0,3;0,1;0,03;"M5V"
1799;"Naryn";363,063;3245;0,4;0,52;0,03;"M1V"
694;"Des Arc";503,544;2493;0,1;0,13;0,03;"M8V"
1324;"Kempten";311,377;2833;0,4;0,26;0,02;"M1V"
3152;"Bonavista";447,234;2711;0,1;0,16;0,08;"M5V"
2392;"St. John";401,099;3997;0,8;0,75;0,5;"K6V"
736;"Dover";241,061;2496;0,1;0,08;0,05;"M2V"
1142;"Howrah";355,35;2484;0,4;0,45;0,02;"M7V"
963;"Gladius";119,815;2518;0,4;0,64;0,07;"M2V"
1426;"Kurvasa";353,826;4867;0,6;0,73;0,26;"K0V"
2388;"St. Andre";120,166;2819;NA;0,29;0,07;"M3V"
1242;"Java";241,831;2430;0,3;0,63;0,01;"M2V"
1919;"Odabasi";225,235;3986;0,5;0,93;0,23;"K2V"
60;"Aldertaine";196,206;4134;0,6;0,9;0,15;"K5V"
196;"Asta";25,875;5286;0,9;1;1,2;"G4V"
1113;"Hinckley";463,02;2531;0,3;0,24;0,06;"M2V"
322;"Bhykov";238,808;3734;0,7;0,9;0,24;"K7V"
1620;"Mas";482,429;3719;0,7;0,78;0,42;"K2V"
1286;"Kamenz";311,182;3066;0,2;0,29;0,04;"M2V"
2805;"Yufu";260,864;2830;0,2;0,22;0,06;"M3V"
2735;"Weekapaug";249,877;5457;0,9;1,04;0,89;"G5V"
360;"Bonaire";106,001;3443;0,3;0,22;0,07;"M1V"
659;"Danli";721,219;2463;0,3;0,19;0,01;"M3V"
187;"Ascella";77,285;4357;0,6;0,92;0,6;"K3V"
2536;"Thraxa";496,608;4593;0,6;0,9;0,55;"K3V"
215;"Australia";419,99;3121;0,1;0,07;0,06;"M2V"
353;"Bobruisk";336,545;3743;0,7;0,93;0,31;"K0V"
1228;"Jacomarle";382,846;2600;0,4;0,32;0,05;"M2V"
214;"Austerlitz";530,094;3812;0,6;0,89;0,5;"K7V"
523;"Charity";411,035;2763;0,4;0,5;0,07;"M3V"
605;"Corsica Nueva";298,809;4230;0,8;0,77;0,41;"K5V"
2107;"Raetia";625,433;4363;0,5;0,87;0,16;"K2V"
816;"Erewhon";483,043;2876;0,4;0,53;0,03;"M3V"
1824;"New Dallas";60,599;4131;0,6;0,84;0,57;"K3V"
1244;"Jeju";491,423;4300;0,5;0,78;0,59;"K2V"
804;"Engadin";337,095;4813;0,8;0,88;0,49;"K2V"
2592;"Tsamma";450,196;2527;0,1;0,29;0,04;"M1V"
327;"Biloela";351,51;3962;0,5;0,71;0,59;"K3V"
570;"Cohagen";488,414;3843;0,5;0,81;0,58;"K0V"
1415;"Krin";221,404;3007;0,4;0,33;0,01;"M3V"
220;"Avior";200,721;5814;0,8;1,07;0,66;"G2V"
783;"Elba";516,187;2779;0,4;0,39;0,06;"M5V"
347;"Blue Sava";74,657;2767;0,2;0,54;0,04;"M3V"
406;"Brownsville";30,482;3211;0,2;0,63;0,07;"M3V"
518;"Chandler";212,535;3711;0,6;0,86;0,45;"K7V"
2228;"Santa-Ana";698,225;2438;0,3;0,48;0,04;"M8V"
2429;"Suianheer";486,613;2496;0,2;0,52;0,04;"M3V"
2629;"Unity";364,766;4452;0,7;0,83;0,21;"K2V"
1652;"Medron";439,319;2558;0,1;0,41;0,02;"M6V"
293;"Bell";579,19;5284;1;1,06;1,47;"G4V"
2551;"Tintavel";262,893;2678;0,1;0,69;0,02;"M5V"
810;"Enzesfled";401,763;3838;0,6;0,89;0,52;"K4V"
1798;"Narellan";305,878;2464;0,2;0,24;0,04;"M7V"
2077;"Protection";451,875;2871;0,3;0,62;0,05;"M4V"
2476;"Tamsalu";234,775;5563;0,9;1,02;1,31;"G2V"
1432;"Kwangjong-ni";487,865;2775;0,2;0,23;0,03;"M0V"
1767;"Mozirje";364,176;2609;0,2;0,26;0,03;"M7V"
1233;"Jansen's Hold";420,649;2894;0,2;0,47;0,06;"M5V"
2389;"St. Cyr";521,765;2747;0,1;0,4;0,07;"M3V"
36;"Afarsin";428,482;2423;0,4;0,43;0,05;"M8V"
1372;"Kladnitsa";433,642;2586;0,3;0,52;0,05;"M5V"
1722;"Mishkadrill";517,048;5388;1;0,97;0,62;"G5V"
2971;"Project Sagitarius Umbrella";640,735;3012;0,2;0,27;0,02;"M4V"
138;"Anguilla";419,341;5489;1;1,11;1,14;"G5V"
2080;"Purvo";265,626;5476;1;1,04;0,79;"G5V"
743;"Drosendorf";262,269;2546;0,4;0,35;0,05;"M7V"
2906;"Hope";709,894;2764;0,2;0,37;0,03;"M3V"
2234;"Sapienza";442,963;4000;0,6;0,86;0,23;"K6V"
527;"Chaumont";360,996;3824;0,7;0,79;0,52;"K3V"
953;"Gienah";183,531;2596;0,4;0,39;0,03;"M4V"
866;"Fianna";142,939;3464;0,4;NA;0,04;"M1V"
490;"Casere";352,437;2456;0,4;0,57;0,01;"M5V"
3135;"Hamar";771,683;2705;0,4;0,56;0,06;"M2V"
351;"Boara";573,029;2551;0,2;0,36;0,01;"M2V"
1123;"Hohenems";348,885;3135;0,4;0,69;0,03;"M2V"
1004;"Greypearl";527,032;2526;0,2;0,09;0,06;"M5V"
2886;"Cadiz";536,139;2980;0,2;0,62;0,02;"M1V"
1968;"Paches";210,407;5550;0,9;0,99;0,75;"G2V"
1235;"Jardangal";618,339;4253;0,7;0,87;0,34;"K2V"
1445;"Laiaka";114,298;5294;0,9;NA;1,18;"G2V"
3041;"Trinity";801,009;2871;0,4;0,2;0,05;"M2V"
539;"Chillon";333,085;3858;0,5;0,76;0,32;"K3V"
1983;"Parakoila";348,886;2849;0,1;0,51;0,03;"M4V"
1777;"Murris";382,905;3163;0,3;0,68;0,05;"M1V"
2703;"Vortalcoy";491,941;4323;0,8;0,81;0,24;"K2V"
656;"Danais";153,487;2688;0,1;0,26;0,01;"M5V"
2401;"Star's End";440,098;2696;0,3;0,23;0,05;"M0V"
2961;"Strana Mechty";1768,104;3771;0,6;0,92;0,59;"K6V"
2917;"Placida";504,699;2575;0,4;0,43;0,08;"M7V"
2395;"Staffin";207,096;3782;0,8;0,88;0,57;"K3V"
2333;"Sigma Mare";315,003;3752;0,6;0,93;0,31;"K3V"
1000;"Great X";341,879;2572;0,3;0,23;0,02;"M2V"
1839;"New Macao";144,856;5454;1;1,07;1,37;"G4V"
1664;"Mejicanos";506,009;4198;0,7;0,73;0,17;"K2V"
464;"Capac";315,269;2996;0,1;0,17;0,07;"M2V"
1068;"Hawktor";560,441;2428;0,4;0,1;0,02;"M6V"
2909;"Lastpost";719,1;2762;0,2;0,44;0,08;"M2V"
301;"Benfled";270,772;2972;0,4;0,26;0,04;"M2V"
1404;"Kotzebue";377,656;2836;0,2;0,09;0,01;"M5V"
15;"Acamar";55,235;2662;0,2;0,38;0,06;"M2V"
3034;"Suda Bay";978,854;2483;0,4;0,62;0,01;"M5V"
3036;"Transfer Facility 4";730,482;3811;0,6;0,72;0,57;"K7V"
1033;"Hahira";559,194;4219;0,5;0,85;0,51;"K2V"
1274;"Kafr Silim";311,453;2923;0,1;0,59;0,04;"M5V"
1838;"New Kyoto";126,283;4745;0,8;0,95;0,29;"K2V"
1058;"Harmony";221,752;4082;0,7;0,85;0,36;"K3V"
646;"Dagda";247,737;5369;0,9;1,1;1,25;"G5V"
2131;"Reinhardstein";222,018;2683;0,4;0,51;0,02;"M3V"
573;"Coldbrook";440,369;5447;0,9;1,02;0,68;"G2V"
1858;"New Vandenburg";434,541;3533;0,1;0,57;0,05;"M1V"
2277;"Sendai";177,645;2558;0,1;0,65;0,07;"M2V"
951;"Gibraltar";385,851;3067;0,3;0,53;0,03;"M4V"
734;"Dothan";454,035;3754;0,6;0,83;0,27;"K0V"
1384;"Kockengen";187,347;4199;0,6;0,8;0,38;"K5V"
1395;"Konstance";98,458;3019;0,3;0,37;0,02;"M0V"
2480;"Tangua";410,358;2523;0,4;0,62;0,06;"M0V"
3022;"Ghent";1183,486;2461;0,1;0,13;0,04;"M5V"
113;"Amber";471,531;2776;0,2;0,22;0,03;"M0V"
1366;"Kiserian";399,641;3887;0,5;0,93;0,25;"K5V"
1096;"Here";469,486;4229;0,8;0,96;0,4;"K2V"
2943;"Glory";1838,239;2788;0,2;0,33;0,05;"M5V"
2534;"Thirty Weight";289,985;2535;0,4;0,08;0,07;"M1V"
1994;"Patan";277,972;3204;0,3;0,14;0,03;"M3V"
269;"Bass";415,671;2841;0,3;0,48;0,05;"M5V"
1774;"Muridox";396,698;4000;0,5;0,78;0,44;"K7V"
1778;"Muscida";229,603;3772;0,6;0,8;0,27;"K3V"
3073;"Shahhat";982,806;2458;0,3;0,32;0,05;"M6V"
631;"Csomad";517,606;3804;0,5;0,9;0,37;"K5V"
2911;"Marknick";694,387;3555;0,3;0,1;0,02;"M1V"
3169;"Graystone";1255,592;3851;0,6;0,88;0,23;"K6V"
2088;"Quantraine";499,698;4171;0,6;0,71;0,1;"K2V"
502;"Celebes";140,327;2745;0,2;0,29;0,07;"M4V"
1604;"Marcus";60,959;5509;1;1,06;0,65;"G2V"
795;"Elnath";128,562;2510;0,4;0,65;0,03;"M4V"
1705;"Millray";611,371;2785;0,3;0,31;0,03;"M0V"
1962;"Outpost";426,738;3731;0,7;0,94;0,39;"K5V"
2903;"Gant";555,882;3354;0,2;0,55;0,04;"M2V"
1439;"Labrea";353,792;4017;0,5;0,9;0,41;"K5V"
1347;"Kigamboni";322,903;4552;0,7;0,92;0,52;"K1V"
1534;"Lukla";231,841;NA;0,6;0,78;0,34;"K5V"
1443;"Laconis";421,364;2542;0,4;0,27;0,03;"M8V"
1412;"Krenice";237,188;2581;0,2;0,19;0,07;"M5V"
2290;"Shalaine";544,863;2493;0,4;0,31;0,07;"M8V"
2921;"Santander";487,349;2856;0,4;0,52;0,03;"M4V"
449;"Camadeierre";456,738;4111;0,5;0,78;0,11;"K0V"
2558;"Togura";271,847;4045;0,6;0,82;0,5;"K3V"
20;"Acoma";232,892;3081;0,2;0,53;0,06;"M3V"
2342;"Simpson Desert";289,177;2633;0,2;0,47;0,05;"M7V"
818;"Eromanga";307,609;2954;0,3;0,17;0,02;"M4V"
2044;"Point Barrow";385,425;2748;0,2;0,52;0,08;"M4V"
267;"Basantapur";462,307;3395;0,4;0,52;0,05;"M0V"
1111;"Hillerod";191,249;3282;0,2;0,41;0,02;"M2V"
640;"Cylene";108,894;3878;0,6;0,72;0,45;"K3V"
2135;"Remagen";316,94;3723;0,5;0,73;0,49;"K7V"
2933;"Eden";1619,256;2613;0,4;0,25;0,04;"M2V"
1745;"Monongahela";233,826;2405;0,4;0,49;0,05;"M7V"
771;"Edmondson";353,987;3222;0,4;0,5;0,04;"M2V"
603;"Coromodir";475,527;2579;0,1;0,12;0,03;"M5V"
1675;"Menkar";129,257;4766;0,5;0,9;0,59;"K2V"
2588;"Trondheim";411,701;2483;0,3;0,64;0,05;"M1V"
3056;"Landrum";1265,21;3015;0,4;0,49;0,05;"M3V"
2790;"Yamarovka";296,32;2995;0,1;0,46;0,03;"M3V"
3002;"Novgorod";1209,539;2796;0,2;0,34;0,06;"M1V"
3017;"Attenbrooks";988,69;2778;0,2;0,41;0,07;"M4V"
2842;"Zlatousi";480,441;4263;0,7;0,77;0,17;"K5V"
1484;"Lexington";316,43;2445;0,2;0,44;0,08;"M2V"
3124;"Star Cluster 752";1375,885;4104;0,5;0,77;0,57;"K5V"
1538;"Lushun";525,771;2750;0,3;0,11;0,02;"M3V"
395;"Brisbane";427,829;2673;0,3;0,26;0,01;"M4V"
552;"Choudrant";340,676;4554;0,6;0,79;0,16;"K2V"
3130;"Appian";468,816;2473;0,4;0,22;0,07;"M2V"
3030;"St. Jean";1163,98;3099;0,2;0,49;0,02;"M1V"
2350;"Skat";97,092;2440;0,1;0,47;0,04;"M8V"
1103;"Hè-shì";359,722;4521;0,5;0,83;0,34;"K2V"
1189;"Immenstadt";289,855;2609;0,3;0,66;0,05;"M5V"
2811;"Zalt";706,871;4256;0,6;0,95;0,55;"K2V"
104;"Alto";221,46;3114;0,2;0,36;0,07;"M4V"
1647;"Meacham";189,544;2466;0,3;0,28;0,05;"M6V"
2919;"Regis Roost";468,121;4097;0,6;0,78;0,24;"K2V"
1381;"Ko";47,487;4655;0,7;0,77;0,29;"K3V"
101;"Alterf";256,113;4134;0,7;0,95;0,43;"K6V"
1193;"Incukalns";292,906;2669;0,4;0,3;0,01;"M5V"
2504;"Tchamba";335,189;2588;0,3;0,43;0,05;"M3V"
280;"Bayis";303,857;2990;0,4;0,44;0,08;"M2V"
986;"Goubellat";388,164;4735;0,6;0,82;0,17;"K2V"
436;"Caldarium";502,778;5253;0,9;0,97;1,22;"G5V"
1409;"Kowloon";469,383;2739;0,4;0,39;0,06;"M5V"
1009;"Grossbach";480,268;2931;0,3;0,19;0,03;"M4V"
2316;"Shipton";539,764;5466;1;1,09;0,94;"G2V"
362;"Bone-Norman";463,592;2783;0,2;0,22;0,05;"M3V"
902;"Freisland";263,241;2754;0,4;0,21;0,06;"M2V"
1086;"Helixmar";268,454;3008;0,1;0,6;0,08;"M3V"
199;"Athna";355,298;3325;0,1;0,56;0,08;"M1V"
9;"Abiy Adi";470,19;3933;0,6;0,75;0,15;"K2V"
1796;"Nanking";56,522;5486;0,8;1,02;0,75;"G4V"
529;"Chebanse";247,557;3089;0,4;0,54;0,01;"M3V"
421;"Butler";395,927;3284;0,2;0,31;0,08;"M0V"
266;"Basalt";72,239;2552;0,2;0,18;0,02;"M5V"
2928;"Arcadia";1612,952;3162;0,1;0,66;0,03;"M2V"
1591;"Manksville";389,073;2424;0,4;0,62;0,06;"M1V"
2651;"Valloire";386,165;4649;0,5;0,94;0,35;"K3V"
863;"Ferrara";321,097;2667;0,2;0,29;0,06;"M2V"
540;"Chilung";276,327;2462;0,2;0,35;0,01;"M4V"
2403;"Steeles";324,294;3242;0,1;0,66;0,04;"M0V"
2766;"Wisconsin";336,56;4599;0,7;0,7;0,44;"K2V"
1060;"Harrow's Sun";271,312;3226;0,2;0,08;0,01;"M2V"
2712;"Waitur";631,541;3913;0,5;NA;0,13;"K6V"
1356;"Kingtribel";146,125;2572;0,2;0,58;0,03;"M2V"
127;"Andalusia";406,284;2978;0,1;0,34;0,07;"M3V"
1841;"New Olympia";198,809;2632;0,2;0,42;0,08;"M1V"
2802;"Yorii";22,621;3383;0,2;0,42;0,05;"M1V"
1833;"New Hessen";101,586;2737;0,3;0,61;0,06;"M2V"
1862;"Newton";318,878;2876;0,4;0,23;0,05;"M5V"
1957;"Otisberg";502,292;2654;0,4;0,29;0,04;"M2V"
813;"Epsilon Eridani";28,075;2651;0,3;0,51;0,04;"M1V"
1666;"Melilla";572,121;2471;0,2;0,47;0,02;"M8V"
1902;"Novo Franklin";670,721;2410;0,3;0,12;0,06;"M3V"
1562;"Maharet";277,245;3329;0,3;0,41;0,02;"M2V"
2916;"Oscar";710,665;2795;0,3;0,49;0,03;"M2V"
465;"Capella";176,33;NA;0,3;NA;0,01;"M0V"
1846;"New Roland";401,342;2896;0,4;0,59;0,03;"M5V"
131;"Andurien";317,943;2697;0,1;0,24;0,07;"M2V"
1853;"New Sumatra";153,524;2910;0,1;0,46;0,06;"M3V"
265;"Baryshevo";422,225;2645;0,3;0,31;0,02;"M5V"
1231;"Jamestown";433,938;2675;0,4;0,31;0,04;"M5V"
2005;"Pell";335,266;2554;0,1;0,31;0,03;"M5V"
1951;"Ormstown";479,676;5485;0,8;1,04;0,96;"G2V"
2200;"Sabik";58,472;3119;0,4;0,47;0,07;"M1V"
1062;"Hartshill";520,448;3167;0,4;0,38;0,03;"M2V"
647;"Dahar";280,144;2814;0,2;0,21;0,03;"M1V"
1175;"Iijima";288,222;3773;0,6;0,74;0,44;"K2V"
801;"Emris";173,88;2945;0,4;0,58;0,01;"M3V"
1546;"Lyons";45,047;4074;0,8;0,73;0,13;"K5V"
751;"Dumassas";536,142;2654;0,1;NA;0,07;"M5V"
1533;"Ludwigshafen";372,066;2956;0,3;0,38;0,06;"M4V"
2898;"Drask's Den";496,778;3096;0,3;0,1;0,08;"M3V"
777;"Eilenburg";221,087;2719;0,4;0,67;0,05;"M0V"
1150;"Huesta";433,301;3908;0,5;0,75;0,5;"K7V"
2868;"Logan Prime";536,04;2806;0,4;0,56;0,06;"M1V"
1338;"Keystone";163,642;2818;0,2;0,45;0,07;"M1V"
2918;"Porthos";484,398;2449;0,2;0,46;0,05;"M2V"
1707;"Milnerton";247,629;2714;0,3;0,57;0,03;"M1V"
2816;"Zangul";419,935;3107;0,2;0,54;0,04;"M2V"
1906;"Nuelson Minor";386,094;2707;0,2;0,39;0,06;"M3V"
2066;"Preston";234,936;2920;0,2;0,7;0,05;"M5V"
1072;"Hean";76,095;2746;0,1;0,66;0,05;"M4V"
497;"Cavanaugh";311,59;2460;0,3;0,6;0,08;"M4V"
8;"Aberystwyth";434,937;3425;0,3;0,24;0,05;"M1V"
978;"Gomeisa";136,272;4214;0,5;0,78;0,22;"K5V"
1782;"Myrvoll";90,342;2639;0,2;0,48;0,06;"M6V"
627;"Crossing";257,684;4477;0,5;0,76;0,24;"K3V"
1517;"Loric";233,599;4016;NA;0,91;0,58;"K7V"
1861;"Newcastle";276,04;2493;0,3;0,61;0,03;"M8V"
96;"Alta Vista";506,799;2693;0,2;0,55;0,07;"M2V"
1515;"Loparri";542,601;2711;0,4;0,08;0,06;"M5V"
2717;"Wantorill";314,683;2429;0,1;0,09;0,05;"M3V"
2817;"Zaniah";102,889;2700;0,3;0,48;0,04;"M1V"
3101;"Karpathos";984,419;2544;0,3;NA;0,05;"M4V"
1811;"New Aberdeen";268,591;2817;0,4;0,1;0,08;"M4V"
913;"Gabenstad";530,542;2538;0,3;0,53;0,06;"M5V"
628;"Cruz Alta";437,402;3135;0,3;0,46;0,05;"M3V"
522;"Chara";29,91;5489;0,8;NA;0,6;"G2V"
933;"Gandy's Luck";266,94;2653;0,3;0,29;0,06;"M5V"
1888;"Non Diz";397,259;3041;0,1;NA;0,06;"M1V"
325;"Biham";80,662;4199;0,7;0,81;0,35;"K3V"
2194;"Ryerson";330,319;3949;0,6;0,72;0,14;"K7V"
667;"Davisville";482,089;5319;1;1,04;0,88;"G2V"
695;"Deschenes";310,081;2816;0,3;0,69;0,06;"M6V"
2896;"Diik";705,361;3781;0,8;0,87;0,45;"K7V"
415;"Budingen";415,219;2579;0,3;0,44;0,02;"M7V"
2894;"Dante";462,311;3100;0,4;0,33;0,06;"M3V"
1842;"New Oslo";386,446;3009;0,4;0,35;0,02;"M3V"
1410;"Krakatau";349,279;3016;0,3;0,12;0,07;"M4V"
162;"Aquileia";92,735;2430;0,4;0,58;0,05;"M2V"
1893;"Northfield";289,448;2523;0,2;0,63;0,05;"M6V"
437;"Caldrea";196,249;2970;0,4;0,21;0,06;"M2V"
992;"Grand Base";302,397;5621;1;0,97;1,28;"G3V"
1683;"Merlin";402,312;2576;0,2;0,32;0,04;"M3V"
1565;"Maia";387,893;3742;0,6;0,85;0,41;"K5V"
1258;"Jonathan";137,034;2751;0,1;0,31;0,03;"M3V"
3090;"Star Cluster 643";1944,995;5456;0,9;1,1;0,8;"G5V"
1125;"Holloway";308,36;5367;0,8;1;0,67;"G2V"
2439;"Sunnywood";405,398;5448;1;1,05;0,89;"G4V"
2433;"Summer";51,54;2544;0,3;0,61;0,01;"M8V"
2094;"Quiberas";499,087;3537;0,3;0,63;0,02;"M1V"
480;"Carmichael";402,052;2800;0,4;0,37;0,03;"M2V"
1290;"Kannon";125,012;NA;0,3;0,16;0,07;"M0V"
1581;"Mandal";56,662;2437;0,3;0,28;0,02;"M2V"
1131;"Hongor";500,918;2960;0,3;0,64;0,02;"M3V"
2026;"Pietermaritzburg";347,665;2419;0,2;0,18;0,03;"M1V"
473;"Cardff";377,921;3077;0,4;0,32;0,05;"M3V"
2420;"Stratford";527,715;4141;0,6;0,87;0,58;"K3V"
3173;"Winston";1317,673;4450;0,7;0,91;0,1;"K4V"
832;"Evansville";295,871;2980;0,1;0,33;0,03;"M4V"
107;"Altoona";256,684;2448;0,2;0,11;0,05;"M3V"
137;"Angra";532,012;3246;0,2;0,2;0,08;"M2V"
221;"Avon";292,275;2449;0,1;0,57;0,04;"M5V"
2456;"Symsonia";496,055;3128;0,3;0,29;0,08;"M0V"
916;"Gahral";213,84;3584;0,2;0,17;0,07;"M0V"
1010;"Grosvenor";363,576;4031;0,6;0,83;0,16;"K7V"
2686;"Vihtijarvi";383,541;4276;0,8;0,92;0,42;"K2V"
88;"Alphard";83,559;4118;0,8;0,77;0,13;"K3V"
2104;"Radlje";381,223;2408;0,4;0,18;0,05;"M3V"
1935;"Oldsmith";318,905;2451;0,3;0,43;0,05;"M5V"
1191;"Inarcs";448,404;5593;0,8;0,98;1,29;"G4V"
850;"Far Reach";607,714;2477;0,4;0,53;0,04;"M3V"
1057;"Harminous";481,747;3702;0,6;0,95;0,6;"K7V"
791;"Elix";84,453;2722;0,1;0,68;0,02;"M4V"
1536;"Lurgatan";331,509;5354;0,8;1,15;1,01;"G4V"
2926;"Tyrrhenia";649,819;5497;0,8;1,13;0,78;"G4V"
1716;"Minowa";241,777;2591;0,1;0,29;0,06;"M5V"
615;"Coyle";659,147;3197;0,2;0,09;0,03;"M2V"
2189;"Rukbat";116,654;NA;0,4;0,59;0,03;"M0V"
1084;"Heliat";501,374;4225;0,8;0,76;0,1;"K2V"
802;"Enchi";411,702;5419;0,9;1;1,5;"G5V"
2235;"Sappho";247,99;3509;0,1;0,14;0,04;"M1V"
1387;"Kokpekty";511,715;3847;0,8;0,94;0,28;"K6V"
890;"Fomalhaut";21,609;4421;0,6;0,84;0,2;"K4V"
2412;"Stettin";451,621;2862;0,2;0,39;0,07;"M5V"
3137;"Mandalas";448,793;3099;0,1;0,29;0,02;"M3V"
1790;"Nai-Stohl";72,411;3381;NA;0,23;0,02;"M1V"
2132;"Reisling's Planet";193,365;2543;0,2;0,38;0,07;"M8V"
2032;"Pingree";211,805;2641;0,2;0,4;0,04;"M5V"
2250;"Savannah";92,246;2582;0,2;0,27;0,08;"M5V"
2417;"Storfors";371,449;2908;0,1;0,25;0,04;"M2V"
555;"Chukchi";202,057;4033;0,7;0,88;0,32;"K0V"
1129;"Home";323,295;5363;1;1,05;0,83;"G5V"
1511;"Lokoja";576,824;2770;0,3;0,53;0,06;"M2V"
2475;"Tamarind";281,545;5280;0,9;1,05;1,48;"G5V"
1036;"Halesowen";254,35;5627;0,9;0,97;1,21;"G2V"
288;"Beils";245,582;2977;0,2;0,33;0,05;"M3V"
326;"Bilma";339,826;5760;1;1,03;1,21;"G2V"
2239;"Sargasso";344,965;3983;0,6;0,72;0,17;"K7V"
2368;"Sodus";294,484;2757;0,4;0,33;0,03;"M3V"
407;"Bruben";388,51;4354;0,8;0,74;0,33;"K3V"
332;"Bismarck";361,105;2879;0,3;0,66;0,04;"M1V"
2975;"Córdoba";1343,139;4703;0,5;0,95;0,41;"K2V"
1739;"Mokpo";321,189;3329;0,3;0,59;0,03;"M2V"
757;"Dustball";285,97;2866;0,3;0,43;0,04;"M1V"
2692;"Vintru";197,41;5806;0,9;1,12;0,97;"G2V"
2062;"Premana";371,655;2651;0,1;0,33;0,03;"M1V"
1266;"Juazeiro";342,663;2660;0,4;0,22;0,01;"M5V"
315;"Beten Kaitos";201,724;2457;0,3;0,31;0,03;"M1V"
1988;"Park Place";114,805;2789;0,3;0,58;0,01;"M4V"
714;"Dieron";19,265;2400;0,3;0,08;0,03;"M8V"
2147;"Revivim";403,721;2803;0,3;0,54;0,07;"M4V"
270;"Bassfield";588,852;2556;0,1;0,24;0,05;"M3V"
2356;"Skye";76,743;3371;0,3;0,5;0,07;"M1V"
1110;"Hildaman";192,933;2805;0,2;0,64;0,03;"M5V"
1819;"New Caledonia";409,831;3168;0,3;0,49;0,05;"M1V"
2011;"Perdition";470,573;4229;0,8;0,8;0,09;"K3V"
1135;"Horneburg";280,484;2703;0,1;0,08;0,02;"M5V"
2560;"Tohelet";394,307;4182;0,6;0,79;0,3;"K1V"
740;"Dresden";218,491;3599;0,2;0,49;0,05;"M0V"
3067;"Kebili";969,362;2536;0,4;0,21;0,07;"M8V"
2192;"Ryans Fate";426,217;2505;0,3;0,57;0,08;"M4V"
2207;"Saginaw";314,502;2947;0,4;0,44;0,01;"M1V"
938;"Garrison";207,811;2849;0,4;NA;0,03;"M0V"
1759;"Moritz";321,08;4799;NA;0,82;0,54;"K2V"
1648;"Meadowvale";349,275;4084;0,5;0,75;0,36;"K3V"
2510;"Tellman's Mistake";394,825;2454;0,3;0,39;0,01;"M8V"
1815;"New Athens";143,019;2977;0,3;0,61;0,08;"M1V"
2944;"Grant's Station";1836,562;3205;0,4;0,47;0,02;"M0V"
2829;"Zebuluraskai";671,835;2906;0,4;0,24;0,06;"M4V"
2251;"Savinsville";383,41;2434;0,1;0,23;0,06;"M7V"
424;"Bye's Ship";553,795;NA;0,1;0,54;0,06;"M1V"
838;"Fadiffolu";343,874;2598;0,4;0,19;0,08;"M6V"
261;"Barras";354,801;2406;0,1;0,22;0,05;"M8V"
1535;"Lungdo";147,205;2950;0,1;0,09;0,05;"M2V"
2622;"Ulubis";607,488;2542;0,1;0,48;0,07;"M4V"
2214;"Salardion";396,437;5257;NA;1,14;0,94;"G2V"
93;"Alsek";395,369;2665;0,1;0,52;0,04;"M7V"
579;"Coloma";296,543;NA;0,5;0,76;0,26;"K2V"
2942;"Gatekeeper";1779,517;4152;0,6;0,81;0,18;"K3V"
367;"Borden";374,284;5265;0,9;1,09;1,22;"G4V"
373;"Botany Bay";514,774;2500;NA;0,24;0,05;"M1V"
2997;"Kampen";1170,539;2530;0,1;0,34;0,06;"M6V"
2335;"Sikkim";468,619;3940;0,5;0,92;0,27;"K0V"
2913;"Micros";564,446;5206;0,9;0,98;1,21;"G2V"
1349;"Kilarney";334,515;4512;0,8;0,95;0,5;"K2V"
3146;"Eliat";514,729;3881;0,5;0,88;0,48;"K2V"
1370;"Kitzingen";228,012;2614;0,4;0,69;0,06;"M2V"
996;"Gravenhage";523,765;2668;0,2;0,45;0,07;"M6V"
821;"Escobas";251,033;5396;0,9;1,1;1,4;"G5V"
2861;"Ballalaba";534,599;3036;0,4;0,25;0,01;"M2V"
1390;"Kolobrzeg";137,987;2756;0,1;0,43;0,05;"M2V"
1961;"Outer Volta";353,846;3318;0,1;0,67;0,02;"M2V"
49;"Al Jafr";413,007;3784;0,8;0,78;0,39;"K6V"
2550;"Tinaca";282,675;3193;0,3;0,25;0,04;"M2V"
2291;"Shaobuon";416,492;4081;0,7;0,81;0,29;"K2V"
1638;"Mazdru";334,621;3969;0,8;0,77;0,22;"K2V"
297;"Bellevue";333,059;2688;0,1;0,64;0,08;"M3V"
3020;"Ctesiphon";1093,331;2454;0,3;0,14;0,03;"M2V"
2431;"Sulafat";190,491;5437;0,9;1,13;0,7;"G5V"
1895;"Northwind";34,24;2781;0,1;0,21;0,08;"M4V"
444;"Callisto";199,615;3723;0,5;0,72;0,24;"K7V"
2966;"Tokasha";1731,797;4422;0,6;0,89;0,28;"K2V"
1331;"Kerman";507,612;4086;0,7;NA;0,34;"K2V"
1166;"Ibstock";104,048;2781;0,3;0,66;0,05;"M2V"
752;"Dunianshire";504,089;4051;0,5;0,89;0,31;"K3V"
2985;"Bremen";1131,231;5323;1;1;1,07;"G2V"
756;"Duran";300,32;4269;0,6;0,93;0,1;"K5V"
3155;"Don't";490,611;5713;0,9;1,07;1,48;"G2V"
232;"Babuyan";239,961;4080;0,8;0,82;0,35;"K6V"
2904;"Gaul";708,54;5627;0,9;1,09;1,37;"G2V"
2201;"Sackville";411,845;2933;0,2;0,6;0,04;"M2V"
2597;"Tsukude";121,063;2467;0,3;0,45;0,06;"M4V"
333;"Bithinia";179,451;3930;0,6;0,78;0,17;"K6V"
2076;"Proserpina";161,889;2657;0,1;0,31;0,05;"M2V"
260;"Barlow's End";310,951;2620;0,4;0,66;0,05;"M6V"
2660;"Vantaa";358,933;3845;0,7;NA;0,38;"K7V"
1760;"Morningside";171,72;5263;0,9;1,06;0,69;"G4V"
1178;"Ildlandet";401,226;3003;0,4;0,55;0,07;"M4V"
1042;"Halloran";106,047;4013;0,7;0,91;0,11;"K6V"
129;"Andelys";458,79;3010;0,1;0,19;0,05;"M2V"
989;"Graham";25,717;3957;0,5;0,71;0,3;"K6V"
71;"Algot";119,228;2429;0,2;0,67;0,06;"M7V"
1584;"Mandate";154,096;4615;0,5;0,81;0,09;"K3V"
2359;"Slocum";78,186;2549;0,3;0,09;0,07;"M7V"
2778;"Wright";292,038;2536;0,1;0,18;0,02;"M8V"
1115;"Hiratsuka";361,977;2472;0,2;0,14;0,06;"M8V"
2770;"Wolof";337,413;4564;0,7;0,86;0,34;"K2V"
2860;"Baccalieu";525,243;3373;0,3;0,67;0,05;"M2V"
2733;"Wedderborg";479,88;4508;0,6;0,96;0,49;"K2V"
1075;"Hecheng";425,815;2797;0,3;0,33;0,07;"M2V"
3104;"Thasos";970,102;2849;0,2;0,17;0,08;"M1V"
2650;"Valladolid";591,354;3467;0,2;0,09;0,02;"M1V"
2441;"Susquehanna";423,748;2410;0,4;0,5;0,04;"M8V"
3151;"Bellerophon";468,476;2444;0,1;0,14;0,07;"M8V"
738;"Dralkig";528,922;2760;0,3;0,44;0,01;"M4V"
1204;"Iolas";422,269;2471;0,2;0,61;0,07;"M6V"
2267;"Scudder";218,398;4393;0,8;0,84;0,52;"K1V"
354;"Bodnath";303,338;5623;0,9;1;1,22;"G2V"
2946;"Hellgate";1843,769;5288;0,8;1,09;0,66;"G5V"
903;"Frondas";248,377;3000;0,2;0,32;0,02;"M2V"
3077;"Beta Salandor";1334,29;2768;0,2;0,11;0,07;"M3V"
3086;"Rim Worlds Republic Outpost #7";1631,332;5246;0,8;1,14;0,79;"G4V"
1788;"Naikongzu";638,757;2535;0,3;0,38;0,07;"M4V"
1884;"Nockatunga";294,042;3555;0,4;0,45;0,07;"M0V"
2932;"Dagda";1609,301;3854;0,7;0,91;0,47;"K5V"
73;"Alioth";60,559;2441;0,2;0,35;0,02;"M7V"
2585;"Trinidad";284,914;2551;0,4;0,22;0,02;"M7V"
616;"Cranston";397,625;3076;0,3;0,55;0,07;"M1V"
1173;"Ife";296,874;2755;0,2;0,66;0,07;"M0V"
1711;"Minakuchi";132,873;3262;0,2;0,19;0,02;"M1V"
910;"Furud";285,24;3159;0,4;0,53;0,08;"M2V"
2472;"Tallin";292,651;4756;0,7;0,84;0,54;"K2V"
1313;"Kawich";61,332;2423;0,3;0,5;0,04;"M5V"
2706;"Vulcan";327,355;3836;0,6;0,88;0,56;"K5V"
2158;"Risin";533,718;2888;0,4;0,66;0,01;"M1V"
2541;"Tianamon";129,453;2525;0,3;0,1;0,08;"M3V"
3165;"Tiburon";511,602;4152;0,6;0,86;0,46;"K5V"
2462;"Tabayama";469,509;4169;0,8;0,94;0,59;"K6V"
1143;"Hoyleton";508,766;2988;0,1;0,65;0,07;"M0V"
1719;"Mirach";112,104;3017;0,1;0,32;0,08;"M1V"
2061;"Predlitz";357,288;4212;0,5;0,8;0,46;"K2V"
2122;"Rasalgethi";216,273;2746;0,3;0,42;0,07;"M5V"
2867;"Lindassa";521,901;3794;0,8;0,9;0,32;"K3V"
2547;"Timbuktu";472,691;3254;0,4;0,34;0,06;"M1V"
410;"Bryant";18,672;2930;0,4;0,57;0,04;"M4V"
86;"Alorton";363,924;3931;0,6;0,75;0,12;"K5V"
592;"Coopertown";546,037;2839;0,1;0,55;0,07;"M5V"
697;"Desolate Plains";416,418;2968;0,4;0,61;0,06;"M5V"
1915;"Nykvarn";407,808;4762;0,6;0,78;0,12;"K2V"
2272;"Seginus";103,55;3006;0,2;0,29;0,03;"M2V"
1649;"Mearra";559,397;2766;0,4;0,41;0,02;"M1V"
1991;"Pascagoula";433,421;3921;0,5;0,89;0,31;"K1V"
2707;"Vulture's Nest";481,93;2471;NA;0,39;0,07;"M8V"
2955;"Niles";1710,975;2454;0,3;0,14;0,01;"M3V"
2203;"Sadalbari";144,287;4519;0,7;0,73;0,16;"K1V"
1918;"Oceana";144,843;2900;0,3;0,38;0,01;"M2V"
2409;"Sterlington";526,959;2980;0,3;0,38;0,01;"M3V"
2206;"Saffel";28,195;4156;0,7;0,79;0,59;"K5V"
2052;"Port Arthur";287,246;3371;0,1;0,43;0,06;"M2V"
2580;"Trent";144,069;2970;0,2;0,19;0,03;"M5V"
491;"Cassias";327,554;2728;0,2;0,21;0,04;"M1V"
166;"Arc-Royal";283,494;5262;0,9;1,04;1,41;"G5V"
2331;"Sierra";426,148;2976;0,3;0,52;0,04;"M5V"
500;"Cebalrai";119,666;NA;1;0,99;1,32;"G5V"
1083;"Helen";58,324;2764;0,3;0,62;0,02;"M6V"
2503;"Tazaraki";319,649;2872;0,3;0,58;0,03;"M5V"
1575;"Maldonado";384,806;3282;0,4;0,68;0,07;"M2V"
1663;"Meinrad";401,763;2456;0,1;0,14;0,04;"M0V"
479;"Carmen";266,01;3215;0,2;0,64;0,07;"M2V"
307;"Bergman's Planet";276,328;4571;0,6;0,81;0,1;"K1V"
1102;"Herzberg";310,686;2437;0,1;0,6;0,04;"M6V"
1027;"Hachiman";295,082;4141;0,8;0,94;0,43;"K3V"
544;"Chirikof";408,982;2552;0,4;0,36;0,03;"M0V"
2360;"Small World";52,168;3099;0,3;0,22;0,05;"M1V"
1582;"Mandaoaaru";433,144;2909;0,1;NA;0,01;"M1V"
1336;"Kestrel";272,365;2736;0,4;0,36;0,08;"M3V"
1680;"Merak";134,73;3979;0,7;0,71;0,43;"K7V"
2769;"Wolcott";367,956;NA;0,6;0,71;0,55;"K7V"
2466;"Takata";474,361;2649;0,3;0,44;0,05;"M3V"
2236;"Sappir";427,733;2810;0,1;0,15;0,03;"M4V"
1288;"Matahari";257,944;4449;0,6;0,91;0,56;"K0V"
946;"Gettorf";577,169;2942;0,3;0,33;0,05;"M5V"
2866;"Leximon";507,641;3082;0,2;0,12;0,02;"M2V"
1801;"Nashuar";224,427;2864;0,4;0,7;0,01;"M5V"
2606;"Turtle Bay";429,02;4305;0,8;0,88;0,43;"K5V"
2177;"Rosendal";344,491;2878;0,1;0,64;0,03;"M3V"
2984;"Braunschweig";1093,747;2624;0,4;0,37;0,01;"M2V"
1622;"Masterton";471,527;5392;0,9;1,04;1,18;"G5V"
754;"Dunklewälderdunklerflüssenschattenwelt";503,652;3260;0,2;0,41;0,01;"M2V"
1669;"Melville";506,791;2969;0,4;0,12;0,06;"M4V"
2875;"Paulinus";544,507;2452;0,3;0,12;0,08;"M1V"
670;"Ddraig";766,04;2892;0,1;0,39;0,04;"M5V"
2040;"Pliska";81,47;3883;0,8;0,94;0,29;"K6V"
3145;"Contrilla";498,385;3893;0,7;0,88;0,57;"K7V"
1441;"Lackhove";474,296;3271;0,1;0,07;0,01;"M1V"
2109;"Rahne";142,229;2577;0,4;0,64;0,07;"M2V"
1823;"New Crete";204,428;2946;0,3;0,67;0,07;"M3V"
1092;"Helvetica";616,942;3048;0,1;0,59;0,03;"M0V"
859;"Feltre";362,666;3793;0,8;0,86;0,55;"K6V"
460;"Candiear";466,233;2907;0,4;0,31;0,05;"M5V"
2238;"Sardis";309,331;2705;0,3;0,5;0,01;"M0V"
1748;"Monthey";507,606;2761;0,1;0,65;0,04;"M4V"
1428;"Kuzuu";70,486;2731;0,2;0,35;0,03;"M0V"
2221;"Salur";211,291;2705;0,4;0,25;0,06;"M2V"
1854;"New Syrtis";376,217;2831;0,2;0,44;0,04;"M5V"
3023;"Gwithian";830,561;2611;0,2;0,53;0,03;"M4V"
1483;"Lesnovo";413,148;2500;0,1;0,5;0,02;"M3V"
2301;"Shensi";107,011;2953;0,4;0,57;0,04;"M5V"
1215;"Ishtar";431,211;2402;0,3;0,32;0,04;"M3V"
3021;"Epsilon Pegasus";725,437;4594;0,6;0,74;0,27;"K3V"
2572;"Tottori";505,695;NA;0,2;0,11;0,01;"M5V"
1310;"Kaus Media";80,461;2598;0,4;0,16;0,05;"M3V"
2761;"Windsor";390,421;2792;0,1;0,08;0,04;"M3V"
344;"Blommestein";758,27;3526;0,3;0,63;0,01;"M1V"
2528;"The Edge";408,464;3786;0,7;0,87;0,09;"K7V"
2633;"Unzmarkt";364,943;4025;0,5;NA;0,51;"K6V"
3085;"Rim Worlds Republic Outpost #4";1773,572;2730;0,1;0,6;0,08;"M4V"
413;"Bucklands";464,408;2888;0,1;0,29;0,03;"M3V"
1656;"Meghy";541,865;5573;0,8;1,14;1,03;"G3V"
2474;"Tamar";315,239;4014;0,5;0,93;0,38;"K0V"
2619;"Ulan Bator";143,956;4015;0,5;0,8;0,26;"K6V"
245;"Ballentine";237,533;2470;0,4;0,29;0,05;"M8V"
1208;"Irece";344,391;5058;0,5;0,95;0,38;"K0V"
154;"Apinzel";462,096;4221;0,8;0,95;0,54;"K2V"
698;"Detroit";452,956;5575;0,9;1,05;1,14;"G4V"
2843;"Zoetermeer";339,662;2654;0,4;0,6;0,05;"M2V"
1305;"Katlehong";333,063;2540;0,2;0,29;0,01;"M3V"
1168;"Ichlangis";413,894;4141;0,6;NA;0,22;"K4V"
231;"Babaeski";337,166;2517;0,3;0,39;0,06;"M8V"
3113;"Interstellar Expeditions Base #22";1900,682;3936;0,8;0,91;0,58;"K7V"
2427;"Styx";36,337;4432;0,8;0,86;0,57;"K2V"
988;"Graceland";265,811;2402;0,2;0,66;0,07;"M8V"
2492;"Tarkio";317,42;2930;0,1;0,08;0,04;"M2V"
537;"Chiavenna";390,641;4362;0,5;0,84;0,38;"K5V"
2625;"Umgard";437,137;3888;0,6;0,71;0,08;"K4V"
211;"Augustine";88,379;3023;NA;0,07;0,08;"M1V"
1775;"Murmansk";389,875;3217;0,4;0,08;0,06;"M1V"
2621;"Ulsan";336,939;3836;0,8;0,86;0,37;"K4V"
2286;"Seven Lands";526,169;4405;0,6;0,81;0,25;"K4V"
1295;"Karakiraz";364,621;3785;0,7;0,93;0,17;"K5V"
2309;"Shimoda";373,881;2409;0,4;0,42;0,06;"M8V"
1708;"Milos";232,493;2435;0,3;0,13;0,07;"M5V"
1500;"Listowel";164,652;2532;0,4;0,68;0,07;"M8V"
826;"Esztergom";256,264;2656;0,3;0,64;0,02;"M5V"
2832;"Zelski";536,198;2660;0,4;0,62;0,07;"M4V"
1239;"Jászberény";177,276;5445;0,9;1,12;0,67;"G2V"
1830;"New Ganymede";425,894;NA;0,2;0,33;0,08;"M5V"
427;"Cadela";578,645;3344;0,2;0,17;0,06;"M1V"
1044;"Halstead Station";89,332;3157;0,1;0,2;0,03;"M2V"
2338;"Silver";363,561;5258;0,8;1,05;0,98;"G5V"
824;"Esteros";311,441;2677;0,2;0,46;0,04;"M5V"
708;"Dicallus";506,271;2571;0,3;0,55;0,03;"M7V"
250;"Ban Na San";422,107;2752;0,2;0,35;0,04;"M2V"
2729;"Waycross";142,952;NA;0,2;0,64;0,07;"M3V"
400;"Brockton";545,165;2651;0,1;0,28;0,03;"M2V"
2202;"Sadachbia";88,221;2619;0,2;0,34;0,04;"M4V"
1337;"Keuterville";416,175;2777;0,3;0,25;0,04;"M4V"
2682;"Vicente";454,397;5211;0,8;1,08;1,22;"G2V"
625;"Crofton";528,715;2422;0,2;0,13;0,06;"M3V"
3084;"Richmond's World";896,575;2553;0,1;0,1;0,07;"M6V"
1863;"Newtown Square";454,59;2509;0,4;0,32;0,07;"M6V"
2777;"Wrentham";367,535;4948;0,5;NA;0,15;"K1V"
2522;"Teylingen";434,567;2560;0,3;0,58;0,02;"M2V"
1608;"Marielund";557,72;5308;1;1,06;0,91;"G4V"
356;"Bogard";271,276;3961;0,5;0,76;0,29;"K3V"
25;"Addasar";517,358;4598;0,7;0,77;0,28;"K2V"
118;"Amity";132,585;2955;0,3;0,31;0,08;"M2V"
3008;"Visby";1098,304;2454;0,1;0,63;0,06;"M5V"
1307;"Kaumberg";413,871;2692;0,3;0,49;0,03;"M2V"
1318;"Keeling";278,311;4790;0,7;0,87;0,09;"K0V"
1593;"Manotick";395,844;5222;0,8;1,11;1,28;"G5V"
606;"Corydon";220,061;4001;0,6;0,73;0,46;"K2V"
439;"Caledea";356,012;2432;0,4;0,34;0,05;"M6V"
2406;"Stein's Folly";256,243;3987;0,6;0,83;0,21;"K0V"
2697;"Virtue";408,863;2558;0,3;0,45;0,02;"M3V"
2355;"Skvorec";345,985;3253;0,4;0,28;0,04;"M3V"
484;"Carsphairn";103,77;4008;0,6;0,85;0,5;"K7V"
3139;"Trondheim";780,505;2697;0,4;0,21;0,04;"M0V"
1218;"Itabaiana";332,811;2787;0,2;0,16;0,03;"M1V"
897;"Franklin";250,969;2973;0,2;0,47;0,03;"M3V"
755;"Durabon";522,547;3035;0,4;0,22;0,06;"M1V"
206;"Atzenbrugg";416,882;5803;0,8;1,11;0,61;"G2V"
2442;"Susulatna";357,089;3260;0,2;0,54;0,04;"M3V"
2914;"Mirfak";614,749;2699;0,2;NA;0,08;"M3V"
1660;"Meilen";227,712;2515;0,2;0,44;0,05;"M6V"
2929;"Albion";1792,847;3880;0,6;0,88;0,45;"K3V"
3050;"Fröislandis";1466,288;2719;0,3;0,14;0,03;"M1V"
994;"Grankum";640,99;2719;0,3;0,1;0,06;"M6V"
1920;"Odawara";355,238;2904;0,4;0,69;0,06;"M3V"
1323;"Kelenfold";206,356;3252;NA;0,32;0,05;"M2V"
961;"Givrodat";554,982;4219;0,5;0,82;0,45;"K3V"
689;"Deneb Kaitos";65,906;2767;0,4;0,22;0,01;"M3V"
2166;"Rockwellawan";487,954;5624;1;0,97;0,74;"G2V"
268;"Basiliano";343,42;3147;0,4;0,34;0,06;"M3V"
1105;"Hexare";235,219;4415;NA;0,85;0,23;"K4V"
2835;"Zetang";725,84;3845;0,6;0,86;0,3;"K2V"
3159;"Ahlat";548,611;4353;0,6;0,89;0,6;"K5V"
1603;"Marawi";272,134;2703;0,2;0,4;0,04;"M2V"
247;"Balsta";413,785;2585;0,2;0,64;0,06;"M0V"
1865;"Ngake";263,991;5206;1;1,09;0,73;"G4V"
1559;"Madiun";402,121;3526;0,1;0,51;0,01;"M1V"
28;"Adelson";532,641;4246;0,7;0,74;0,48;"K5V"
128;"Andarmax";386,507;4590;NA;0,78;0,57;"K2V"
1561;"Maestu";291,07;4795;0,6;0,82;0,37;"K2V"
2119;"Raphael";318,112;2585;0,1;0,23;0,02;"M5V"
3142;"Fable";272,819;5535;0,8;1,1;0,71;"G5V"
1183;"Ilmachna";108,502;2929;0,4;0,67;0,01;"M5V"
31;"Adherlwin";439,696;2512;0,4;0,13;0,03;"M1V"
1641;"McComb";229,639;4328;0,6;0,81;0,27;"K3V"
108;"Altorra";263,51;2623;0,3;0,56;0,03;"M2V"
286;"Beenleigh";325,662;3067;0,2;0,4;0,07;"M3V"
2714;"Waldorff";382,194;3073;0,1;0,11;0,07;"M4V"
2086;"Qarahta";405,456;4228;0,6;0,82;0,28;"K3V"
2711;"Waipahu";466,09;4079;0,6;0,82;0,41;"K3V"
1480;"Les Halles";191,978;2474;0,4;0,15;0,03;"M3V"
85;"Gamma Sagittarius";116,052;4525;0,8;0,87;0,12;"K2V"
1223;"Izar";114,389;3155;0,3;0,15;0,06;"M3V"
381;"Brailsford";505,55;2535;NA;0,66;0,06;"M4V"
2739;"Weisau";400,274;2736;0,3;0,31;0,08;"M5V"
2016;"Persistence";419,969;2519;0,1;0,35;0,08;"M0V"
498;"Cayuga";585,275;2489;0,3;0,31;0,02;"M8V"
2366;"Snowdon";587,903;3987;0,5;0,96;0,57;"K3V"
644;"Czarvowo";323,377;2973;0,3;0,15;0,07;"M3V"
1551;"Machida";402,127;4549;0,5;0,92;0,41;"K3V"
1248;"Jeronimo";386,691;NA;0,4;0,28;0,01;"M1V"
3068;"Kefya";1049,379;2881;0,4;0,46;0,04;"M4V"
3048;"Doggerbank";1033,575;3158;0,3;0,26;0,03;"M2V"
2988;"Dorpat";1147,906;4840;0,8;0,71;0,36;"K2V"
2300;"Sheliak";297,041;3838;0,5;0,8;0,38;"K6V"
622;"Crestoblus";463,634;4096;0,6;0,8;0,45;"K3V"
1818;"New Britain";47,967;2686;0,4;0,15;0,05;"M5V"
1017;"Guldra";475,138;2642;0,1;0,19;0,02;"M5V"
774;"Eguilles";236,068;3837;0,7;0,92;0,49;"K4V"
1419;"Kufstein";341,607;2539;0,4;0,32;0,07;"M7V"
2591;"Trznadel Cluster";485,686;2886;0,2;0,23;0,05;"M3V"
2252;"Savonburg";498,346;5279;0,8;1,03;1,04;"G4V"
1082;"Helduza";588,518;4664;0,5;0,84;0,12;"K2V"
2627;"Umka";384,004;2759;0,2;0,48;0,01;"M4V"
3065;"Illizi";1037,204;5395;0,9;0,98;1;"G4V"
2028;"Pilkhua";208,949;NA;0,4;0,37;0,05;"M3V"
803;"Enders Cluster";452,549;4395;0,7;0,94;0,57;"K2V"
2512;"Tematagi";380,055;3042;0,4;0,09;0,07;"M0V"
1114;"Hindmarsh";334,723;3205;0,2;0,53;0,04;"M2V"
94;"Alshain";284,884;2547;0,4;0,34;0,08;"M2V"
1016;"Guatavita";372,438;4237;0,6;0,84;0,43;"K5V"
957;"Gingeria";565,302;2913;0,4;0,28;0,03;"M5V"
18;"Achnoly";669,139;2910;0,4;0,68;0,03;"M2V"
2813;"Zambezi";431,563;3166;0,3;0,2;0,02;"M2V"
446;"Calpaca";215,775;3368;0,2;0,12;0,05;"M1V"
1005;"Griffith";342,403;2805;0,3;0,42;0,05;"M5V"
2876;"Pompey";536,788;2554;0,3;0,54;0,02;"M4V"
200;"Atlas";290,432;3158;0,4;0,46;0,08;"M3V"
487;"Carver";21,423;2805;0,2;0,33;0,07;"M3V"
528;"Chaville";50,052;3824;0,6;0,9;0,49;"K3V"
2075;"Propus";184,226;2678;0,3;0,17;0,06;"M5V"
3112;"Horgens";1209,767;2673;0,2;0,46;0,04;"M4V"
14;"Acala";182,916;3719;0,6;0,89;0,51;"K5V"
471;"Carbonis";181,908;2777;0,3;0,13;0,01;"M4V"
336;"Bjornlunda";174,059;2403;0,3;0,68;0,04;"M6V"
1597;"Manx";365,556;5219;0,8;1,15;1,26;"G2V"
493;"Castrovia";252,965;3266;0,3;0,57;0,02;"M3V"
366;"Bora";162,434;3155;0,2;0,19;0,06;"M2V"
457;"Campertown";159,419;2430;0,2;0,54;0,04;"M1V"
2960;"Sheridan";1798,647;4234;0,7;0,93;0,41;"K1V"
2537;"Thuban";228,914;NA;0,5;0,85;0,45;"K3V"
3026;"Nouveaux Paris";853,745;3563;0,3;0,17;0,02;"M0V"
2931;"Circe";1619,476;3486;0,4;0,41;0,06;"M1V"
2743;"Weldon";439,52;2726;0,4;0,64;0,05;"M5V"
2164;"Rochester";226,969;5515;0,9;0,97;1,32;"G4V"
1754;"Moravian";171,522;2475;0,4;0,54;0,07;"M7V"
2908;"Kettering";457,193;3034;0,4;0,35;0,03;"M2V"
2112;"Raman";161,818;3959;0,6;0,79;0,12;"K2V"
2161;"Robsart";380,705;NA;0,1;NA;0,07;"M1V"
1293;"Kanto";435,849;2823;0,3;0,26;0,04;"M4V"
357;"Bogerth";265,277;5819;0,8;1,09;0,6;"G2V"
2566;"Torgvei";580,193;3324;0,4;0,35;0,02;"M2V"
753;"Dunkerque";336,109;4388;0,6;0,95;0,37;"K3V"
2569;"Tortuga Prime";704,53;3311;0,1;0,59;0,02;"M2V"
2799;"Yidtall";480,298;2645;0,4;0,26;0,01;"M5V"
130;"Andro";225,566;3970;0,7;0,92;0,39;"K2V"
1064;"Hassad";163,391;5441;0,9;0,97;0,93;"G5V"
1929;"Okaya";115,363;2559;0,2;0,29;0,07;"M6V"
218;"Avellaneda";100,437;2932;0,4;0,37;0,07;"M3V"
405;"Brooloo";390,228;4723;0,7;0,86;0,56;"K2V"
1970;"Pajarito";485,93;2726;0,2;0,18;0,01;"M3V"
1478;"Leoben";407,373;3731;0,8;0,93;0,38;"K7V"
143;"Annunziata";431,715;5588;1;1,14;0,82;"G4V"
912;"Fuveau";498,13;2803;0,1;0,44;0,03;"M2V"
1438;"Labouchere";264,076;3048;0,3;0,58;0,05;"M3V"
1251;"Jezersko";380,237;2473;0,1;0,23;0,06;"M3V"
1250;"Jesup";514,985;2619;0,4;0,22;0,01;"M4V"
3037;"Transfer Station J239H2";635,105;5464;0,9;1,01;0,88;"G5V"
589;"Constance";440,558;4429;0,8;0,91;0,53;"K3V"
545;"Chisholm";50,997;2421;0,4;0,56;0,03;"M5V"
935;"Gannett";176,158;3182;0,3;0,49;0,04;"M3V"
1992;"Pasemah";544,038;2879;0,4;0,21;0,07;"M3V"
782;"El Kerak";375,541;2931;0,2;0,32;0,07;"M5V"
1052;"Hansii";368,483;2468;0,3;0,61;0,08;"M6V"
715;"Dieudonné";79,556;2749;0,2;0,07;0,06;"M3V"
1524;"Loxley";384,378;2586;0,4;0,55;0,06;"M1V"
991;"Gran";342,166;3023;0,4;0,24;0,07;"M2V"
191;"Ashburton";298,293;4115;0,8;0,91;0,08;"K6V"
549;"Cholame";204,807;5434;NA;1,05;1,28;"G5V"
888;"Flychenia";208,019;3223;0,2;0,64;0,01;"M2V"
2695;"Viribium";392,756;2621;0,1;0,34;0,05;"M7V"
1985;"Pardeau";149,723;5324;1;1,13;1,45;"G4V"
569;"Clovis";180,192;3714;0,8;0,71;0,14;"K5V"
2473;"Tallmadge";279,21;2925;0,4;0,32;0,04;"M3V"
2750;"Westover";370,149;2645;0,1;0,44;0,03;"M6V"
1267;"Jubka";398,759;2961;0,3;0,64;0,08;"M2V"
1291;"Kanowit";256,791;2906;0,3;0,69;0,02;"M3V"
542;"Chinmen Tao";403,583;2734;0,1;0,09;0,05;"M2V"
3096;"Belgae";978,662;2927;0,2;0,56;0,01;"M5V"
590;"Conwy";105,446;5333;1;0,97;1,29;"G4V"
1241;"Jaumegarde";171,526;2754;0,2;0,5;0,03;"M1V"
1596;"Manteno";202,418;NA;0,2;0,37;0,06;"M1V"
702;"Deweidewd";302,883;3066;0,1;0,51;0,05;"M2V"
2387;"Spittal";349,575;2783;0,2;0,19;0,01;"M1V"
289;"Belacruz";418,31;2562;0,1;0,32;0,08;"M3V"
1989;"Parma";363,588;2516;0,3;0,61;0,06;"M5V"
1849;"New Sapporo";533,851;4150;0,8;0,83;0,16;"K2V"
2269;"Second Chance";131,766;3986;0,7;0,78;0,39;"K7V"
177;"Arluna";436,74;4044;0,7;0,83;0,5;"K2V"
624;"Crimond";240,578;2730;0,2;0,28;0,05;"M4V"
2367;"Sodertalje";547,133;2442;0,2;0,3;0,01;"M1V"
855;"Fatima";178,492;5376;1;1,05;1,23;"G2V"
2897;"Dormandaine";473,168;4588;0,5;0,82;0,6;"K2V"
1905;"Nox";240,194;2686;0,1;0,48;0,03;"M3V"
1210;"Iron Land";454,214;2489;0,1;0,16;0,08;"M1V"
1154;"Hunter's Paradise";614,662;2587;0,1;0,44;0,04;"M3V"
1435;"La Blon";79,491;3092;0,2;0,58;0,02;"M3V"
565;"Clearfield";420,429;3186;0,2;0,35;0,08;"M2V"
2995;"Hamburg";1020,752;2432;0,1;0,12;0,06;"M8V"
340;"Blair Atholl";288,544;2726;0,1;0,27;0,06;"M4V"
379;"Braben's Frontier";616,108;2434;0,4;0,41;0,01;"M6V"
515;"Chalouba";311,958;2705;0,3;0,21;0,03;"M6V"
2023;"Philadelphia";283,357;5441;1;1,06;0,94;"G4V"
2199;"Sabhal Mòr Ostaig";347,253;4400;0,7;0,93;0,41;"K3V"
2893;"Cygnus";500,186;2568;0,2;0,21;0,06;"M5V"
116;"Ambrose";483,665;2973;0,2;0,24;0,01;"M4V"
3126;"Able's Glory";553,461;3948;0,7;0,83;0,34;"K3V"
51;"Al Na'ir";67,731;2697;0,2;0,43;0,06;"M1V"
2414;"Stirling";460,492;2529;0,1;0,19;0,04;"M5V"
2211;"Sakhalin";153,58;2679;0,2;0,38;0,01;"M5V"
719;"Dindatari";466,713;5017;0,5;0,81;0,16;"K0V"
2353;"Skokie";325,231;2482;0,4;0,53;0,04;"M7V"
2374;"Son Hoa";422,626;2649;0,2;0,23;0,06;"M2V"
1149;"Hudeiba";296,021;2623;0,1;0,48;0,01;"M7V"
2056;"Potwin";308,246;2546;0,2;0,56;0,02;"M3V"
2847;"Zosma";51,222;2674;0,2;0,4;0,05;"M1V"
39;"Agematsu";314,421;4022;0,6;0,87;0,24;"K6V"
2668;"Velhas";287,136;5003;0,6;0,72;0,13;"K0V"
2951;"Londerholm";1873,158;5572;1;1,08;0,96;"G4V"
1939;"Oliver";32,57;2527;0,4;0,66;0,06;"M1V"
321;"Bharat";72,17;2910;0,1;0,28;0,02;"M2V"
2557;"Toffen";225,613;2738;0,2;0,23;0,02;"M5V"
1729;"Miyazaki";77,149;2889;0,3;0,62;0,04;"M5V"
2019;"Phact";140,318;2977;0,3;0,09;0,04;"M3V"
2297;"Shaun";332,358;2637;0,3;0,2;0,04;"M4V"
1494;"Ling";128,8;5374;0,9;1,02;0,82;"G5V"
2505;"Techne's Revenge";483,669;3949;0,6;0,86;0,54;"K6V"
710;"Dickinson";184,937;3792;0,7;0,79;0,39;"K3V"
1532;"Ludwig";179,422;4811;0,8;0,85;0,47;"K1V"
1227;"Jacobabad";496,67;3120;0,3;0,65;0,01;"M1V"
687;"Denbar";245,16;4219;NA;0,92;0,42;"K3V"
2117;"Ramsau";222,518;3097;0,2;0,25;0,06;"M4V"
2939;"Colleen";1843,651;2942;0,4;NA;0,03;"M4V"
1723;"Mississauga";370,667;3766;0,5;0,81;0,09;"K6V"
111;"Alyina";366,636;2799;0,2;0,58;0,02;"M4V"
2662;"Vargtass";523,983;2427;0,3;0,18;0,02;"M2V"
2820;"Zara";260,889;2661;0,4;0,39;0,07;"M4V"
1678;"Menkib";149,445;4258;0,5;0,74;0,37;"K5V"
1847;"New Sagan";194,789;2620;0,4;0,41;0,04;"M4V"
800;"Emporia";256,745;4087;0,7;0,83;0,35;"K0V"
2850;"Zurich";66,265;2413;0,1;0,69;0,07;"M5V"
474;"Caria";201,292;2585;0,2;0,49;0,04;"M0V"
2336;"Sileste";620,832;3729;0,6;0,94;0,57;"K7V"
1872;"Ningpo";86,028;3219;0,2;0,4;0,07;"M2V"
1371;"Kiyev";193,019;3718;0,7;0,71;0,25;"K6V"
2034;"Piriapolis";371,71;4275;0,7;0,87;0,47;"K5V"
1162;"Hyde";162,376;NA;NA;0,83;0,56;"K2V"
2101;"Quittacas";270,647;3985;0,6;0,95;0,16;"K7V"
2674;"Verdinge";517,154;2979;0,4;0,18;0,02;"M0V"
42;"Agmond";419,991;2403;0,4;0,49;0,04;"M5V"
1784;"Naco";571,712;3956;0,7;0,85;0,13;"K0V"
34;"Adrian";450,134;4198;0,5;0,81;0,44;"K3V"
1643;"McHenry";198,33;3750;0,5;0,87;0,37;"K5V"
1429;"Kvistgard";365,517;3766;0,8;0,71;0,31;"K7V"
2219;"Saltural";256,829;3748;0,5;0,71;0,35;"K7V"
489;"Caselton";119,999;2713;0,2;0,66;0,04;"M1V"
2036;"Planting";368,636;5267;1;0,99;1,28;"G4V"
1501;"Ljugarn";231,734;4081;0,7;0,73;0,52;"K2V"
899;"Frazer";357,633;2469;0,3;0,53;0,01;"M8V"
285;"Beecher";190,516;4174;0,7;0,89;0,54;"K2V"
445;"Calloway";207,871;2944;0,4;0,46;0,01;"M2V"
1252;"Jiddah";365,767;2896;0,4;0,42;0,02;"M3V"
1253;"Jilin";115,103;4318;0,8;0,95;0,44;"K5V"
2334;"Sigurd";490,833;2481;0,2;0,17;0,01;"M8V"
2379;"Sorunda";139,055;3195;0,4;0,67;0,06;"M1V"
2349;"Skaslien";292,371;2473;0,2;0,63;0,08;"M2V"
2126;"Redfield";254,73;2827;0,3;0,16;0,01;"M1V"
2562;"Toland";446,647;3907;0,7;0,72;0,43;"K5V"
3025;"Kinbrace";950,161;4366;0,5;0,94;0,3;"K2V"
2823;"Zavijava";31,804;3861;0,5;0,89;0,39;"K0V"
2174;"Ronel";95,676;2560;0,4;0,52;0,05;"M2V"
1540;"Luxani";497,15;3325;0,2;0,46;0,07;"M1V"
3092;"Star Cluster Briceno 1";1430,335;4541;0,7;0,92;0,3;"K3V"
109;"Alula Borealis";264,58;2538;0,2;0,34;0,04;"M4V"
2116;"Ramora";501,188;3590;0,2;0,51;0,02;"M0V"
1507;"Logandale";147,645;2976;0,4;0,25;0,03;"M2V"
2748;"Westerstede";268,316;5309;0,9;1,07;0,93;"G2V"
1828;"New Florence";91,356;NA;1;1,1;1,16;"G2V"
257;"Baranda";518,574;3827;0,6;0,75;0,25;"K1V"
2870;"Lummatii";528,571;3800;0,5;0,84;0,17;"K0V"
2402;"Starshine";375,56;3877;0,5;0,95;0,24;"K3V"
1563;"Mahone";385,404;2700;0,3;0,42;0,02;"M2V"
2978;"León";1301,696;4092;0,6;0,86;0,39;"K5V"
1379;"Knutdor";242,812;5688;0,9;1,05;0,6;"G3V"
1118;"Hobbs";353,259;5586;0,9;1;0,95;"G2V"
908;"Fukuroi";173,854;2932;0,3;0,43;0,07;"M5V"
2344;"Sinope";429,558;2977;0,3;0,32;0,05;"M3V"
907;"Fujidera";238,152;2552;0,4;0,7;0,01;"M4V"
2114;"Ramgarh";451,79;3707;0,8;0,82;0,25;"K7V"
1304;"Katla";346,193;2624;0,4;0,4;0,04;"M5V"
2295;"Shasta";241,161;2515;0,4;0,49;0,02;"M1V"
1449;"Lancaster";145,538;3807;0,5;0,72;0,54;"K3V"
2637;"Urjala";423,517;3002;0,1;0,68;0,06;"M2V"
1477;"Lengkong";352,498;5235;1;1,06;0,82;"G5V"
1393;"Koniz";275,729;3280;0,2;0,22;0,03;"M2V"
3080;"Mauna Loa";1033,386;5416;0,8;1,06;1,08;"G3V"
2713;"Waldheim";369,385;3832;0,7;0,89;0,35;"K2V"
1413;"Krievci";320,018;2731;0,2;0,29;0,04;"M5V"
91;"Alrakis";84,276;2473;0,3;0,5;0,04;"M5V"
2311;"Shimonoseki";326,851;2835;0,4;0,3;0,03;"M2V"
2555;"Tishomingo";318,983;2527;0,2;0,14;0,02;"M3V"
717;"Dijonne";537,835;2792;0,4;0,53;0,04;"M3V"
1007;"Gronholt";534,209;2833;0,4;0,56;0,02;"M5V"
2386;"Spirit";251,914;2507;0,4;0,13;0,03;"M0V"
253;"Bangor";391,755;2523;0,2;0,53;0,02;"M8V"
1306;"Kaufermann";418,118;5511;1;1,11;1,27;"G2V"
831;"Eutin";268,678;5279;1;0,96;1,12;"G3V"
37;"Afleir";51,367;2836;0,2;0,45;0,05;"M5V"
472;"Carcassonne";380,813;2795;0,2;0,31;0,07;"M3V"
574;"Cole Harbour";316,492;5684;1;1,06;1,13;"G2V"
521;"Chapultepec";419,233;2843;0,1;0,23;0,05;"M5V"
2915;"Orkney";550,436;4769;0,7;0,78;0,33;"K2V"
572;"Colchester";305,568;2959;0,4;0,58;0,01;"M3V"
869;"Filtvelt";538,182;5437;0,9;1,02;0,84;"G5V"
1949;"Orkney";239,9;2634;0,4;0,59;0,03;"M5V"
67;"Algate";497,709;2463;0,1;0,27;0,06;"M5V"
1930;"Okefenokee";610,668;5105;0,5;0,93;0,57;"K0V"
1281;"Kakada";315,939;4474;0,8;0,78;0,38;"K0V"
1697;"Mickleover";594,626;2796;0,3;0,43;0,02;"M4V"
896;"Fortymile";288,82;2544;0,1;0,61;0,06;"M7V"
2795;"Yardley";267,86;2491;0,3;0,36;0,05;"M3V"
1156;"Hurgh";214,246;2702;0,2;0,14;0,05;"M4V"
310;"Bessarabia";277,985;2408;0,1;0,11;0,06;"M5V"
706;"Diass";308,861;2929;0,3;0,28;0,01;"M5V"
1662;"Meinhof";245,699;5344;1;1,02;1,15;"G2V"
2972;"Aragon";1310,844;2639;0,3;NA;0,03;"M3V"
786;"Electra";387,669;3758;0,6;0,85;0,51;"K5V"
1910;"Numki";206,969;2743;0,2;0,21;0,02;"M1V"
1960;"Ourem";721,242;2544;0,2;0,36;0,04;"M4V"
701;"Devin";351,772;2869;0,3;0,31;0,05;"M2V"
459;"Canal";486,867;4211;0,7;0,78;0,52;"K3V"
1388;"Kola";513,527;2431;0,2;0,53;0,07;"M5V"
3054;"Joradian Cluster";1872,535;2813;0,2;0,25;0,06;"M5V"
2720;"Ward";414,519;4346;0,5;0,94;0,25;"K3V"
2693;"Vipaava";375,662;5381;1;1,09;1,17;"G2V"
1273;"Kaesong";302,651;2706;0,1;0,46;0,07;"M2V"
1192;"Inchicore";362,448;3241;0,1;0,23;0,06;"M0V"
2465;"Tainjin";456,103;2845;0,3;0,66;0,08;"M4V"
319;"Bex";56,242;2646;0,2;0,41;0,05;"M3V"
688;"Deneb Algedi";48,662;2592;0,3;0,08;0,04;"M3V"
240;"Baker 3";340,52;4146;0,6;0,8;0,24;"K5V"
1039;"Halifax";459,445;2572;0,2;0,14;0,06;"M6V"
3066;"Kapoeta";1029,174;4227;0,6;0,76;0,21;"K3V"
1070;"Hazeldean";441,447;3999;0,8;0,95;0,37;"K5V"
3150;"Balawat";509,143;2713;0,1;0,5;0,05;"M3V"
2857;"Algenib";579,783;4357;0,5;0,82;0,33;"K5V"
1380;"Knutstad";594,702;2870;NA;0,41;0,05;"M0V"
2822;"Zaurak";143,14;3169;0,3;0,46;0,03;"M2V"
2136;"Remshield";170,49;3973;0,8;0,75;0,48;"K7V"
1141;"Howick";466,878;2661;0,3;0,64;0,03;"M5V"
259;"Barlaston";293,832;3258;0,2;0,48;0,06;"M2V"
3156;"Highwater";498,678;2632;0,3;0,14;0,04;"M5V"
1741;"Molokai";321,508;2902;0,4;0,53;0,02;"M5V"
2525;"Thannhausen";292,173;2992;0,4;0,56;0,02;"M1V"
2363;"Smolnik";276,531;3785;0,7;0,93;0,48;"K7V"
3099;"Helvetia";994,56;4308;0,8;0,92;0,27;"K3V"
1022;"Gurrnazovo";487,04;3151;0,4;0,6;0,07;"M2V"
1450;"Lancaster";290,106;3139;0,2;0,34;0,06;"M2V"
3140;"Lamar";267,085;3872;0,7;0,89;0,51;"K7V"
1731;"Mizt";680,623;2830;0,2;0,19;0,04;"M4V"
216;"Autumn Wind";188,951;5570;1;1,01;1,08;"G4V"
2699;"Voehn";630,055;3030;0,3;0,21;0,04;"M0V"
2108;"Ragusa";217,821;3962;0,5;0,76;0,59;"K7V"
3170;"Hallelujah";1177,918;3230;0,1;0,23;0,06;"M0V"
1746;"Monroe";405,723;3262;0,3;0,17;0,07;"M3V"
1326;"Kenilworth";584,375;4661;0,7;0,75;0,25;"K0V"
1715;"Minnacora";187,311;2757;0,2;0,42;0,05;"M5V"
